cardId,dbfId,name,cardSet,type,text,playerClass,locale,mechanics/0/name,faction,rarity,health,collectible,img,imgGold,attack,race,cost,flavor,artist,howToGet,howToGetGold,durability,mechanics/1/name
GAME_004,1740,AFK,Basic,Enchantment,Your turns are shorter.,Neutral,enUS,,,,,,,,,,,,,,,,
CS2_041e,1853,Ancestral Infusion,Basic,Enchantment,Taunt.,Shaman,enUS,Taunt,,,,,,,,,,,,,,,
HERO_09,813,Anduin Wrynn,Basic,Hero,,Priest,enUS,,Neutral,Free,30,true,http://media.services.zam.com/v1/media/byName/hs/cards/enus/HERO_09.png,http://media.services.zam.com/v1/media/byName/hs/cards/enus/animated/HERO_09_premium.gif,,,,,,,,,
EX1_399e,1621,Berserking,Basic,Enchantment,This minion has increased Attack.,Neutral,enUS,,,,,,,,,,,,,,,,
CS2_092e,803,Blessing of Kings,Basic,Enchantment,+4/+4.,Paladin,enUS,,,,,,,,,,,,,,,,
CS2_087e,603,Blessing of Might,Basic,Enchantment,+3 Attack.,Paladin,enUS,,Neutral,,,,,,,,,,,,,,
CS2_046e,1096,Bloodlust,Basic,Enchantment,+3 Attack this turn.,Shaman,enUS,OneTurnEffect,,,,,,,,,,,,,,,
DS1_178e,1712,Charge,Basic,Enchantment,{0} grants <b>Charge</b>.,Hunter,enUS,,,,,,,,,,,,,,,,
CS2_103e2,1713,Charge,Basic,Enchantment,Has <b>Charge</b>.,Warrior,enUS,,,,,,,,,,,,,,,,
EX1_084e,706,Charge,Basic,Enchantment,Warsong Commander is granting this minion +1 Attack.,Warrior,enUS,,,,,,,,,,,,,,,,
CS2_005o,65,Claw,Basic,Enchantment,+2 Attack this turn.,Druid,enUS,OneTurnEffect,,,,,,,,,,,,,,,
CS2_017o,1668,Claws,Basic,Enchantment,Your hero has +1 Attack this turn.,Druid,enUS,OneTurnEffect,,,,,,,,,,,,,,,
EX1_019e,388,Cleric's Blessing,Basic,Enchantment,+1/+1.,Priest,enUS,,,,,,,,,,,,,,,,
GAME_003,1736,Coin's Vengeance,Basic,Enchantment,Going second makes your first minion stronger.,Neutral,enUS,,,,,,,,,,,,,,,,
GAME_003e,1734,Coin's Vengence,Basic,Enchantment,Going second makes your first minion stronger.,Neutral,enUS,,,,,,,,,,,,,,,,
CS2_063e,917,Corruption,Basic,Enchantment,"At the start of the corrupting player's turn, destroy this minion.",Warlock,enUS,,,,,,,,,,,,,,,,
GBL_003e,53191,Cost - 1,Basic,Enchantment,Costs (1) less.,Neutral,enUS,,,,,,,,,,,,,,,,
GBL_002e,53190,Cost - 2,Basic,Enchantment,Costs (2) less.,Neutral,enUS,,,,,,,,,,,,,,,,
GBL_004e,53192,Cost - 3,Basic,Enchantment,Costs (3) less.,Neutral,enUS,,,,,,,,,,,,,,,,
GBL_008e,53197,Cost - 4,Basic,Enchantment,Costs (4) less.,Neutral,enUS,,,,,,,,,,,,,,,,
GBL_005e,53194,Cost + 2,Basic,Enchantment,Costs (2) more.,Neutral,enUS,,,,,,,,,,,,,,,,
GBL_009e,53198,Cost = 0,Basic,Enchantment,Costs (0).,Neutral,enUS,,,,,,,,,,,,,,,,
GBL_001e,53189,Cost = 1,Basic,Enchantment,Costs (1).,Neutral,enUS,,,,,,,,,,,,,,,,
GBL_007e,53196,Cost = 10,Basic,Enchantment,Costs (10).,Neutral,enUS,,,,,,,,,,,,,,,,
GBL_006e,53195,Cost = 2,Basic,Enchantment,Costs (2).,Neutral,enUS,,,,,,,,,,,,,,,,
BCON_001e,50134,Deadeye,Basic,Enchantment,Your Hero Power can target minions.,Neutral,enUS,,,,,,,,,,,,,,,,
CS2_074e,1739,Deadly Poison,Basic,Enchantment,+2 Attack.,Neutral,enUS,,,,,,,,,,,,,,,,
CS2_236e,1627,Divine Spirit,Basic,Enchantment,This minion has double Health.,Priest,enUS,,,,,,,,,,,,,,,,
CS2_122e,1402,Enhanced,Basic,Enchantment,Raid Leader is granting this minion +1 Attack.,Neutral,enUS,,,,,,,,,,,,,,,,
NEW1_033o,143,Eye In The Sky,Basic,Enchantment,Leokk is granting this minion +1 Attack.,Hunter,enUS,,,,,,,,,,,,,,,,
EX1_565o,516,Flametongue,Basic,Enchantment,+2 Attack from Flametongue Totem.,Shaman,enUS,,,,,,,,,,,,,,,,
hexfrog,548,Frog,Basic,Minion,<b>Taunt</b>,Neutral,enUS,Taunt,Neutral,Common,1,,http://wow.zamimg.com/images/hearthstone/cards/enus/original/hexfrog.png,http://wow.zamimg.com/images/hearthstone/cards/enus/animated/hexfrog_premium.gif,0,Beast,,,,,,,
CS2_226e,1811,Frostwolf Banner,Basic,Enchantment,Increased stats.,Neutral,enUS,,,,,,,,,,,,,,,,
DS1_175o,1629,Furious Howl,Basic,Enchantment,+1 Attack from {0}.,Hunter,enUS,,,,,,,,,,,,,,,,
HERO_01,7,Garrosh Hellscream,Basic,Hero,,Warrior,enUS,,Neutral,Free,30,true,http://media.services.zam.com/v1/media/byName/hs/cards/enus/HERO_01.png,http://media.services.zam.com/v1/media/byName/hs/cards/enus/animated/HERO_01_premium.gif,,,,,,,,,
HERO_07,893,Gul'dan,Basic,Hero,,Warlock,enUS,,Neutral,Free,30,true,http://media.services.zam.com/v1/media/byName/hs/cards/enus/HERO_07.png,http://media.services.zam.com/v1/media/byName/hs/cards/enus/animated/HERO_07_premium.gif,,,,,,,,,
CS2_105e,78,Heroic Strike,Basic,Enchantment,+4 Attack this turn.,Warrior,enUS,OneTurnEffect,,,,,,,,,,,,,,,
EX1_246e,1635,Hexxed,Basic,Enchantment,This minion has been transformed!,Shaman,enUS,Morph,,,,,,,,,,,,,,,
EX1_360e,1088,Humility,Basic,Enchantment,Attack has been changed to 1.,Paladin,enUS,,Neutral,,,,,,,,,,,,,,
CS2_084e,925,Hunter's Mark,Basic,Enchantment,This minion has 1 Health.,Hunter,enUS,,,,,,,,,,,,,,,,
HERO_08,637,Jaina Proudmoore,Basic,Hero,,Mage,enUS,,Neutral,Free,30,true,http://media.services.zam.com/v1/media/byName/hs/cards/enus/HERO_08.png,http://media.services.zam.com/v1/media/byName/hs/cards/enus/animated/HERO_08_premium.gif,,,,,,,,,
GAME_001,1732,Luck of the Coin,Basic,Enchantment,Going second grants you increased Health.,Neutral,enUS,,,,,,,,,,,,,,,,
HERO_06,274,Malfurion Stormrage,Basic,Hero,,Druid,enUS,,Neutral,Free,30,true,http://media.services.zam.com/v1/media/byName/hs/cards/enus/HERO_06.png,http://media.services.zam.com/v1/media/byName/hs/cards/enus/animated/HERO_06_premium.gif,,,,,,,,,
CS2_009e,207,Mark of the Wild,Basic,Enchantment,+2/+2 and <b>Taunt</b>.,Druid,enUS,,,,,,,,,,,,,,,,
DS1_070o,722,Master's Presence,Basic,Enchantment,+2/+2 and <b>Taunt</b>.,Hunter,enUS,,,,,,,,,,,,,,,,
CS2_222o,240,Might of Stormwind,Basic,Enchantment,Has +1/+1.,Neutral,enUS,,,,,,,,,,,,,,,,
EX1_508o,729,Mlarggragllabl!,Basic,Enchantment,This Murloc has +1 Attack.,Neutral,enUS,,,,,,,,,,,,,,,,
BCON_008e,50131,Nature's Champion,Basic,Enchantment,+5/+5.,Neutral,enUS,,,,,,,,,,,,,,,,
CS2_022e,130,Polymorph,Basic,Enchantment,This minion has been transformed into a 1/1 Sheep.,Mage,enUS,Morph,Neutral,Common,,,,,,,,,,,,,
CS2_004e,591,Power Word: Shield,Basic,Enchantment,+2 Health.,Priest,enUS,,,,,,,,,,,,,,,,
HERO_05,31,Rexxar,Basic,Hero,,Hunter,enUS,,Neutral,Free,30,true,http://media.services.zam.com/v1/media/byName/hs/cards/enus/HERO_05.png,http://media.services.zam.com/v1/media/byName/hs/cards/enus/animated/HERO_05_premium.gif,,,,,,,,,
CS2_045e,1102,Rockbiter Weapon,Basic,Enchantment,This character has +3 Attack this turn.,Shaman,enUS,OneTurnEffect,,,,,,,,,,,,,,,
CS2_011o,789,Savage Roar,Basic,Enchantment,+2 Attack this turn.,Druid,enUS,OneTurnEffect,,,,,,,,,,,,,,,
CS2_083e,1644,Sharpened,Basic,Enchantment,+1 Attack this turn.,Rogue,enUS,OneTurnEffect,,,,,,,,,,,,,,,
BCON_016e,50133,Smoke Bombed,Basic,Enchantment,Stealthed until your next turn.,Rogue,enUS,,,,,,,,,,,,,,,,
GAME_005e,1747,The Coin,Basic,Enchantment,,Neutral,enUS,,,,,,,,,,,,,,,,
HERO_02,1066,Thrall,Basic,Hero,,Shaman,enUS,,Neutral,Free,30,true,http://media.services.zam.com/v1/media/byName/hs/cards/enus/HERO_02.png,http://media.services.zam.com/v1/media/byName/hs/cards/enus/animated/HERO_02_premium.gif,,,,,,,,,
EX1_244e,294,Totemic Might,Basic,Enchantment,+2 Health.,Shaman,enUS,,,,,,,,,,,,,,,,
GAME_011,49472,Tournament Short Turn,Basic,Enchantment,Your turns are shorter.,Neutral,enUS,,,,,,,,,,,,,,,,
HERO_04,671,Uther Lightbringer,Basic,Hero,,Paladin,enUS,,Neutral,Free,30,true,http://media.services.zam.com/v1/media/byName/hs/cards/enus/HERO_04.png,http://media.services.zam.com/v1/media/byName/hs/cards/enus/animated/HERO_04_premium.gif,,,,,,,,,
HERO_03,930,Valeera Sanguinar,Basic,Hero,,Rogue,enUS,,Neutral,Free,30,true,http://media.services.zam.com/v1/media/byName/hs/cards/enus/HERO_03.png,http://media.services.zam.com/v1/media/byName/hs/cards/enus/animated/HERO_03_premium.gif,,,,,,,,,
CS2_041,149,Ancestral Healing,Basic,Spell,Restore a minion\nto full Health and\ngive it <b>Taunt</b>.,Shaman,enUS,Taunt,Neutral,Free,,true,http://media.services.zam.com/v1/media/byName/hs/cards/enus/CS2_041.png,http://media.services.zam.com/v1/media/byName/hs/cards/enus/animated/CS2_041_premium.gif,,,0,"I personally prefer some non-ancestral right-the-heck-now healing, but maybe that is just me.",Dan Scott,Unlocked at Level 1.,Unlocked at Level 15.,,
GAME_002,1733,Avatar of the Coin,Basic,Minion,"<i>You lost the coin flip, but gained a friend.</i>",Neutral,enUS,,,Free,1,,http://wow.zamimg.com/images/hearthstone/cards/enus/original/GAME_002.png,http://wow.zamimg.com/images/hearthstone/cards/enus/animated/GAME_002_premium.gif,1,,0,,,,,,
CS2_072,180,Backstab,Basic,Spell,Deal $2 damage to an undamaged minion.,Rogue,enUS,,Neutral,Free,,true,http://media.services.zam.com/v1/media/byName/hs/cards/enus/CS2_072.png,http://media.services.zam.com/v1/media/byName/hs/cards/enus/animated/CS2_072_premium.gif,,,0,"It's funny how often yelling ""Look over there!"" gets your opponent to turn around.",Michael Sutfin,Unlocked at Level 1.,Unlocked at Level 36.,,
BCON_024,49249,Bottled Madness,Basic,Spell,Replace your hand with random Demons.,Warlock,enUS,,,Free,,,http://wow.zamimg.com/images/hearthstone/cards/enus/original/BCON_024.png,http://wow.zamimg.com/images/hearthstone/cards/enus/animated/BCON_024_premium.gif,,,0,,,,,,
BCON_021,49246,Crackling Doom,Basic,Spell,Deal $12 damage to all_minions.\n<b>Overload</b>: (10),Shaman,enUS,Overload,,Free,,,http://wow.zamimg.com/images/hearthstone/cards/enus/original/BCON_021.png,http://wow.zamimg.com/images/hearthstone/cards/enus/animated/BCON_021_premium.gif,,,0,,,,,,
CS2_013t,1725,Excess Mana,Basic,Spell,Draw a card. <i>(You can only have 10 Mana in your tray.)</i>,Druid,enUS,,,,,,http://wow.zamimg.com/images/hearthstone/cards/enus/original/CS2_013t.png,http://wow.zamimg.com/images/hearthstone/cards/enus/animated/CS2_013t_premium.gif,,,0,,,,,,
EX1_169,254,Innervate,Basic,Spell,Gain 1 Mana Crystal this turn only.,Druid,enUS,,Neutral,Free,,true,http://media.services.zam.com/v1/media/byName/hs/cards/enus/EX1_169.png,http://media.services.zam.com/v1/media/byName/hs/cards/enus/animated/EX1_169_premium.gif,,,0,"Some druids still have flashbacks from strangers yelling ""Innervate me!!"" at them.",Doug Alexander,Unlocked at Level 1.,Unlocked at Level 36.,,
CS2_mirror,968,Mirror Image,Basic,Minion,<b>Taunt</b>,Mage,enUS,Taunt,Neutral,Common,2,,http://wow.zamimg.com/images/hearthstone/cards/enus/original/CS2_mirror.png,http://wow.zamimg.com/images/hearthstone/cards/enus/animated/CS2_mirror_premium.gif,0,,0,,,,,,
CS2_008,467,Moonfire,Basic,Spell,Deal $1 damage.,Druid,enUS,,Neutral,Free,,true,http://media.services.zam.com/v1/media/byName/hs/cards/enus/CS2_008.png,http://media.services.zam.com/v1/media/byName/hs/cards/enus/animated/CS2_008_premium.gif,,,0,"""Cast Moonfire, and never stop."" - How to Be a Druid, Chapter 5, Section 3",Richard Wright,Unlocked at Level 6.,Unlocked at Level 40.,,
NEW1_003,163,Sacrificial Pact,Basic,Spell,Destroy a Demon. Restore #5 Health to your hero.,Warlock,enUS,,,Free,,true,http://media.services.zam.com/v1/media/byName/hs/cards/enus/NEW1_003.png,http://media.services.zam.com/v1/media/byName/hs/cards/enus/animated/NEW1_003_premium.gif,,,0,This is the reason that Demons never really become friends with Warlocks.,Jim Nelson,Unlocked at Level 8.,Unlocked at Level 15.,,
GAME_005,1746,The Coin,Basic,Spell,Gain 1 Mana Crystal this turn only.,Neutral,enUS,,,,,,http://wow.zamimg.com/images/hearthstone/cards/enus/original/GAME_005.png,http://wow.zamimg.com/images/hearthstone/cards/enus/animated/GAME_005_premium.gif,,,0,,,,,,
EX1_244,830,Totemic Might,Basic,Spell,Give your Totems +2_Health.,Shaman,enUS,,Neutral,Free,,true,http://media.services.zam.com/v1/media/byName/hs/cards/enus/EX1_244.png,http://media.services.zam.com/v1/media/byName/hs/cards/enus/animated/EX1_244_premium.gif,,,0,Totem-stomping is no longer recommended.,Trent Kaniuga,Unlocked at Level 6.,Unlocked at Level 28.,,
EX1_277,564,Arcane Missiles,Basic,Spell,Deal $3 damage randomly split among all enemies.,Mage,enUS,ImmuneToSpellpower,Neutral,Free,,true,http://media.services.zam.com/v1/media/byName/hs/cards/enus/EX1_277.png,http://media.services.zam.com/v1/media/byName/hs/cards/enus/animated/EX1_277_premium.gif,,,1,You'd think you'd be able to control your missiles a little better since you're a powerful mage and all.,Warren Mahy,Unlocked at Level 1.,Unlocked at Level 32.,,
DS1_185,877,Arcane Shot,Basic,Spell,Deal $2 damage.,Hunter,enUS,,Neutral,Free,,true,http://media.services.zam.com/v1/media/byName/hs/cards/enus/DS1_185.png,http://media.services.zam.com/v1/media/byName/hs/cards/enus/animated/DS1_185_premium.gif,,,1,"Magi conjured arcane arrows to sell to hunters, until hunters learned just enough magic to do it themselves.  The resulting loss of jobs sent Stormwind into a minor recession.",Luca Zontini,Unlocked at Level 1.,Unlocked at Level 32.,,
CS2_087,70,Blessing of Might,Basic,Spell,Give a minion +3_Attack.,Paladin,enUS,,Neutral,Free,,true,http://media.services.zam.com/v1/media/byName/hs/cards/enus/CS2_087.png,http://media.services.zam.com/v1/media/byName/hs/cards/enus/animated/CS2_087_premium.gif,,,1,"""As in, you MIGHT want to get out of my way."" - Toad Mackle, recently buffed.",Zoltan Boros,Unlocked at Level 1.,Unlocked at Level 45.,,
CS2_boar,298,Boar,Basic,Minion,,Neutral,enUS,,Neutral,Common,1,,http://wow.zamimg.com/images/hearthstone/cards/enus/original/CS2_boar.png,http://wow.zamimg.com/images/hearthstone/cards/enus/animated/CS2_boar_premium.gif,1,Beast,1,,,,,,
CS2_103,344,Charge,Basic,Spell,Give a friendly minion <b>Charge</b>. It can't attack heroes this turn.,Warrior,enUS,Charge,Neutral,Free,,true,http://media.services.zam.com/v1/media/byName/hs/cards/enus/CS2_103.png,http://media.services.zam.com/v1/media/byName/hs/cards/enus/animated/CS2_103_premium.gif,,,1,"""Guys! Guys! Slow down!"" - some kind of non-warrior minion",Alex Horley Orlandelli,Unlocked at Level 1.,Unlocked at Level 23.,,
CS2_005,1050,Claw,Basic,Spell,Give your hero +2_Attack this turn. Gain 2 Armor.,Druid,enUS,,Neutral,Free,,true,http://media.services.zam.com/v1/media/byName/hs/cards/enus/CS2_005.png,http://media.services.zam.com/v1/media/byName/hs/cards/enus/animated/CS2_005_premium.gif,,,1,The claw decides who will stay and who will go.,Dany Orizio,Unlocked at Level 1.,Unlocked at Level 32.,,
CS2_063,982,Corruption,Basic,Spell,"Choose an enemy minion. At the start of your turn, destroy it.",Warlock,enUS,,Neutral,Free,,true,http://media.services.zam.com/v1/media/byName/hs/cards/enus/CS2_063.png,http://media.services.zam.com/v1/media/byName/hs/cards/enus/animated/CS2_063_premium.gif,,,1,"It starts with stealing a pen from work, and before you know it, BOOOM!  Corrupted!",Wayne Reynolds,Unlocked at Level 2.,Unlocked at Level 32.,,
CS2_074,459,Deadly Poison,Basic,Spell,Give your weapon +2_Attack.,Rogue,enUS,,Neutral,Free,,true,http://media.services.zam.com/v1/media/byName/hs/cards/enus/CS2_074.png,http://media.services.zam.com/v1/media/byName/hs/cards/enus/animated/CS2_074_premium.gif,,,1,"Rogues guard the secrets to poison-making carefully, lest magi start incorporating poison into their spells.  Poisonbolt? Rain of Poison?  Poison Elemental?  Nobody wants that.",Trevor Jacobs,Unlocked at Level 1.,Unlocked at Level 43.,,
CS2_189,389,Elven Archer,Basic,Minion,<b>Battlecry:</b> Deal 1 damage.,Neutral,enUS,Battlecry,Horde,Free,1,true,http://media.services.zam.com/v1/media/byName/hs/cards/enus/CS2_189.png,http://media.services.zam.com/v1/media/byName/hs/cards/enus/animated/CS2_189_premium.gif,1,,1,Don't bother asking her out on a date.  She'll shoot you down.,Steve Prescott,,Unlocked at Druid Level 57.,,
CS2_037,971,Frost Shock,Basic,Spell,Deal $1 damage to an enemy character and <b>Freeze</b> it.,Shaman,enUS,Freeze,Neutral,Free,,true,http://media.services.zam.com/v1/media/byName/hs/cards/enus/CS2_037.png,http://media.services.zam.com/v1/media/byName/hs/cards/enus/animated/CS2_037_premium.gif,,,1,FROST SHOCK!,Alex Horley Orlandelli,Unlocked at Level 1.,Unlocked at Level 32.,,
CS1_042,922,Goldshire Footman,Basic,Minion,<b>Taunt</b>,Neutral,enUS,Taunt,Alliance,Free,2,true,http://media.services.zam.com/v1/media/byName/hs/cards/enus/CS1_042.png,http://media.services.zam.com/v1/media/byName/hs/cards/enus/animated/CS1_042_premium.gif,1,,1,"If 1/2 minions are all that is defending Goldshire, you would think it would have been overrun years ago.",Donato Giancola,,Unlocked at Paladin Level 57.,,
EX1_508,510,Grimscale Oracle,Basic,Minion,Your other Murlocs have +1 Attack.,Neutral,enUS,,Neutral,Free,1,true,http://media.services.zam.com/v1/media/byName/hs/cards/enus/EX1_508.png,http://media.services.zam.com/v1/media/byName/hs/cards/enus/animated/EX1_508_premium.gif,1,Murloc,1,These are the brainy murlocs.  It turns out that doesn’t mean much.,Phil Saunders,,Unlocked at Warlock Level 53.,,
EX1_371,727,Hand of Protection,Basic,Spell,Give a minion <b>Divine Shield</b>.,Paladin,enUS,Divine Shield,Neutral,Free,,true,http://media.services.zam.com/v1/media/byName/hs/cards/enus/EX1_371.png,http://media.services.zam.com/v1/media/byName/hs/cards/enus/animated/EX1_371_premium.gif,,,1,"This spell has been renamed so many times, even paladins don’t know what it should be called anymore.",Clint Langley,Unlocked at Level 1.,Unlocked at Level 23.,,
BCON_012,49237,Hand of Salvation,Basic,Spell,"<b>Secret:</b> When your second minion dies in a turn, return it to life.",Paladin,enUS,Secret,,Free,,,http://wow.zamimg.com/images/hearthstone/cards/enus/original/BCON_012.png,http://wow.zamimg.com/images/hearthstone/cards/enus/animated/BCON_012_premium.gif,,,1,,,,,,
NEW1_009,764,Healing Totem,Basic,Minion,"At the end of your turn, restore #1 Health to all friendly minions.",Shaman,enUS,,,Free,2,,http://wow.zamimg.com/images/hearthstone/cards/enus/original/NEW1_009.png,http://wow.zamimg.com/images/hearthstone/cards/enus/animated/NEW1_009_premium.gif,0,Totem,1,,,,,,
CS1_130,279,Holy Smite,Basic,Spell,Deal $2 damage.,Priest,enUS,,Neutral,Free,,true,http://media.services.zam.com/v1/media/byName/hs/cards/enus/CS1_130.png,http://media.services.zam.com/v1/media/byName/hs/cards/enus/animated/CS1_130_premium.gif,,,1,It doesn't matter how pious you are.  Everyone needs a good smiting now and again.,Steve Ellis,Unlocked at Level 1.,Unlocked at Level 23.,,
EX1_360,854,Humility,Basic,Spell,Change a minion's Attack to 1.,Paladin,enUS,,Neutral,Free,,true,http://media.services.zam.com/v1/media/byName/hs/cards/enus/EX1_360.png,http://media.services.zam.com/v1/media/byName/hs/cards/enus/animated/EX1_360_premium.gif,,,1,"This card makes something really damp.  Oh wait.  That's ""Humidity.""",Daren Bader,Unlocked at Level 6.,Unlocked at Level 28.,,
CS2_084,141,Hunter's Mark,Basic,Spell,Change a minion's Health to 1.,Hunter,enUS,,Neutral,Free,,true,http://media.services.zam.com/v1/media/byName/hs/cards/enus/CS2_084.png,http://media.services.zam.com/v1/media/byName/hs/cards/enus/animated/CS2_084_premium.gif,,,1,Never play 'Hide and Go Seek' with a Hunter.,Jimmy Lo,Unlocked at Level 6.,Unlocked at Level 40.,,
CS2_091,383,Light's Justice,Basic,Weapon,,Paladin,enUS,,Neutral,Free,,true,http://media.services.zam.com/v1/media/byName/hs/cards/enus/CS2_091.png,http://media.services.zam.com/v1/media/byName/hs/cards/enus/animated/CS2_091_premium.gif,1,,1,Prince Malchezaar was a collector of rare weapons. He'd animate them and have them dance for him.,Glenn Rane,Unlocked at Level 1.,Unlocked at Level 36.,4,
EX1_025t,59,Mechanical Dragonling,Basic,Minion,,Neutral,enUS,,Neutral,Common,1,,http://wow.zamimg.com/images/hearthstone/cards/enus/original/EX1_025t.png,http://wow.zamimg.com/images/hearthstone/cards/enus/animated/EX1_025t_premium.gif,2,Mech,1,,,,,,
CS2_003,1099,Mind Vision,Basic,Spell,Put a copy of a random card in your opponent's hand into your hand.,Priest,enUS,,Neutral,Free,,true,http://media.services.zam.com/v1/media/byName/hs/cards/enus/CS2_003.png,http://media.services.zam.com/v1/media/byName/hs/cards/enus/animated/CS2_003_premium.gif,,,1,I see what you did there.,Michael Komarck,Unlocked at Level 4.,Unlocked at Level 32.,,
CS2_027,1084,Mirror Image,Basic,Spell,Summon two 0/2 minions with <b>Taunt</b>.,Mage,enUS,Taunt,Neutral,Free,,true,http://media.services.zam.com/v1/media/byName/hs/cards/enus/CS2_027.png,http://media.services.zam.com/v1/media/byName/hs/cards/enus/animated/CS2_027_premium.gif,,,1,Oh hey it's Mirror Image! !egamI rorriM s'ti yeh hO,Jim Nelson,Unlocked at Level 4.,Unlocked at Level 36.,,
EX1_302,1092,Mortal Coil,Basic,Spell,"Deal $1 damage to a minion. If that kills it, draw a card.",Warlock,enUS,,Neutral,Free,,true,http://media.services.zam.com/v1/media/byName/hs/cards/enus/EX1_302.png,http://media.services.zam.com/v1/media/byName/hs/cards/enus/animated/EX1_302_premium.gif,,,1,"If your spells look like horrifying skulls, let's be honest, you should get to draw some cards.",Matt Gaser,Unlocked at Level 4.,Unlocked at Level 43.,,
CS2_168,191,Murloc Raider,Basic,Minion,,Neutral,enUS,,Alliance,Free,1,true,http://media.services.zam.com/v1/media/byName/hs/cards/enus/CS2_168.png,http://media.services.zam.com/v1/media/byName/hs/cards/enus/animated/CS2_168_premium.gif,2,Murloc,1,"Mrrraggglhlhghghlgh, mrgaaag blarrghlgaahahl mrgggg glhalhah a bghhll graggmgmg Garrosh mglhlhlh mrghlhlhl!!",Dan Scott,,Unlocked at Priest Level 51.,,
EX1_506a,1078,Murloc Scout,Basic,Minion,,Neutral,enUS,,Neutral,Common,1,,http://wow.zamimg.com/images/hearthstone/cards/enus/original/EX1_506a.png,http://wow.zamimg.com/images/hearthstone/cards/enus/animated/EX1_506a_premium.gif,1,Murloc,1,,,,,,
CS2_235,1650,Northshire Cleric,Basic,Minion,"Whenever a minion is healed, draw a card.",Priest,enUS,,,Free,3,true,http://media.services.zam.com/v1/media/byName/hs/cards/enus/CS2_235.png,http://media.services.zam.com/v1/media/byName/hs/cards/enus/animated/CS2_235_premium.gif,1,,1,They help the downtrodden and distressed.  Also they sell cookies.,Terese Nielsen,Unlocked at Level 1.,Unlocked at Level 40.,,
CS2_004,613,Power Word: Shield,Basic,Spell,Give a minion +2_Health.\nDraw a card.,Priest,enUS,,Neutral,Free,,true,http://media.services.zam.com/v1/media/byName/hs/cards/enus/CS2_004.png,http://media.services.zam.com/v1/media/byName/hs/cards/enus/animated/CS2_004_premium.gif,,,1,"Sure the extra protection is nice, but the shield really reduces visibility.",Jessica Jung,Unlocked at Level 1.,Unlocked at Level 47.,,
CS2_050,537,Searing Totem,Basic,Minion,,Shaman,enUS,,Neutral,Free,1,,http://wow.zamimg.com/images/hearthstone/cards/enus/original/CS2_050.png,http://wow.zamimg.com/images/hearthstone/cards/enus/animated/CS2_050_premium.gif,1,Totem,1,,,,,,
CS2_tk1,796,Sheep,Basic,Minion,,Neutral,enUS,,Neutral,Common,1,,http://wow.zamimg.com/images/hearthstone/cards/enus/original/CS2_tk1.png,http://wow.zamimg.com/images/hearthstone/cards/enus/animated/CS2_tk1_premium.gif,1,Beast,1,,,,,,
CS2_101t,1652,Silver Hand Recruit,Basic,Minion,,Paladin,enUS,,,Free,1,,http://wow.zamimg.com/images/hearthstone/cards/enus/original/CS2_101t.png,http://wow.zamimg.com/images/hearthstone/cards/enus/animated/CS2_101t_premium.gif,1,,1,,,,,,
CS2_075,710,Sinister Strike,Basic,Spell,Deal $3 damage to the_enemy hero.,Rogue,enUS,,Neutral,Free,,true,http://media.services.zam.com/v1/media/byName/hs/cards/enus/CS2_075.png,http://media.services.zam.com/v1/media/byName/hs/cards/enus/animated/CS2_075_premium.gif,,,1,"There's something about this strike that just feels off.  Sinister, even.",Frank Cho,Unlocked at Level 1.,Unlocked at Level 15.,,
skele11,1077,Skeleton,Basic,Minion,<b></b>,Neutral,enUS,,Neutral,Common,1,,http://wow.zamimg.com/images/hearthstone/cards/enus/original/skele11.png,http://wow.zamimg.com/images/hearthstone/cards/enus/animated/skele11_premium.gif,1,,1,,,,,,
BCON_016,49241,Smoke Bomb,Basic,Spell,Give a minion <b>Stealth</b> until your next turn. Draw a card.,Rogue,enUS,,,Free,,,http://wow.zamimg.com/images/hearthstone/cards/enus/original/BCON_016.png,http://wow.zamimg.com/images/hearthstone/cards/enus/animated/BCON_016_premium.gif,,,1,,,,,,
EX1_308,974,Soulfire,Basic,Spell,[x]Deal $4 damage.\nDiscard a random card.,Warlock,enUS,,Neutral,Free,,true,http://media.services.zam.com/v1/media/byName/hs/cards/enus/EX1_308.png,http://media.services.zam.com/v1/media/byName/hs/cards/enus/animated/EX1_308_premium.gif,,,1,Are you lighting a soul on fire? Or burning someone with your OWN soul? This seems like an important distinction.,Raymond Swanland,Unlocked at Level 6.,Unlocked at Level 28.,,
CS2_051,850,Stoneclaw Totem,Basic,Minion,<b>Taunt</b>,Shaman,enUS,Taunt,Neutral,Free,2,,http://wow.zamimg.com/images/hearthstone/cards/enus/original/CS2_051.png,http://wow.zamimg.com/images/hearthstone/cards/enus/animated/CS2_051_premium.gif,0,Totem,1,,,,,,
CS2_171,648,Stonetusk Boar,Basic,Minion,<b>Charge</b>,Neutral,enUS,Charge,Neutral,Free,1,true,http://media.services.zam.com/v1/media/byName/hs/cards/enus/CS2_171.png,http://media.services.zam.com/v1/media/byName/hs/cards/enus/animated/CS2_171_premium.gif,1,Beast,1,This card is boaring.,Howard Lyon,,Unlocked at Hunter Level 53.,,
DS1_175,606,Timber Wolf,Basic,Minion,Your other Beasts have +1_Attack.,Hunter,enUS,Aura,Neutral,Free,1,true,http://media.services.zam.com/v1/media/byName/hs/cards/enus/DS1_175.png,http://media.services.zam.com/v1/media/byName/hs/cards/enus/animated/DS1_175_premium.gif,1,Beast,1,Other beasts totally dig hanging out with timber wolves.,Malcolm Davis,Unlocked at Level 1.,Unlocked at Level 23.,,
DS1_184,1047,Tracking,Basic,Spell,Look at the top 3 cards of your deck. Draw one and discard the_others.,Hunter,enUS,,Neutral,Free,,true,http://media.services.zam.com/v1/media/byName/hs/cards/enus/DS1_184.png,http://media.services.zam.com/v1/media/byName/hs/cards/enus/animated/DS1_184_premium.gif,,,1,For the person who just cannot decide what card to put into a deck!,Mauro Cascioli,Unlocked at Level 1.,Unlocked at Level 15.,,
CS2_065,48,Voidwalker,Basic,Minion,<b>Taunt</b>,Warlock,enUS,Taunt,Neutral,Free,3,true,http://media.services.zam.com/v1/media/byName/hs/cards/enus/CS2_065.png,http://media.services.zam.com/v1/media/byName/hs/cards/enus/animated/CS2_065_premium.gif,1,Demon,1,"No relation to ""The Voidsteppers"", the popular Void-based dance troupe.",Alex Horley Orlandelli,Unlocked at Level 1.,Unlocked at Level 36.,,
EX1_011,132,Voodoo Doctor,Basic,Minion,<b>Battlecry:</b> Restore #2_Health.,Neutral,enUS,Battlecry,Horde,Free,1,true,http://media.services.zam.com/v1/media/byName/hs/cards/enus/EX1_011.png,http://media.services.zam.com/v1/media/byName/hs/cards/enus/animated/EX1_011_premium.gif,2,,1,Voodoo is an oft-misunderstood art. But it <i>is</i> art.,Karl Richardson,,Unlocked at Rogue Level 55.,,
EX1_400,636,Whirlwind,Basic,Spell,Deal $1 damage to ALL_minions.,Warrior,enUS,,Neutral,Free,,true,http://media.services.zam.com/v1/media/byName/hs/cards/enus/EX1_400.png,http://media.services.zam.com/v1/media/byName/hs/cards/enus/animated/EX1_400_premium.gif,,,1,"The way to tell seasoned warriors from novice ones: the novices yell ""wheeeee"" while whirlwinding.",Jonboy Meyers,Unlocked at Level 6.,Unlocked at Level 32.,,
CS2_082,485,Wicked Knife,Basic,Weapon,,Rogue,enUS,,Neutral,Free,,,http://wow.zamimg.com/images/hearthstone/cards/enus/original/CS2_082.png,http://wow.zamimg.com/images/hearthstone/cards/enus/animated/CS2_082_premium.gif,1,,1,,,,,2,
CS2_052,458,Wrath of Air Totem,Basic,Minion,<b>Spell Damage +1</b>,Shaman,enUS,Spell Damage,Neutral,Free,2,,http://wow.zamimg.com/images/hearthstone/cards/enus/original/CS2_052.png,http://wow.zamimg.com/images/hearthstone/cards/enus/animated/CS2_052_premium.gif,0,Totem,1,,,,,,
EX1_066,906,Acidic Swamp Ooze,Basic,Minion,<b>Battlecry:</b> Destroy your opponent's weapon.,Neutral,enUS,Battlecry,Alliance,Free,2,true,http://media.services.zam.com/v1/media/byName/hs/cards/enus/EX1_066.png,http://media.services.zam.com/v1/media/byName/hs/cards/enus/animated/EX1_066_premium.gif,3,,2,Oozes love Flamenco.  Don't ask.,Chris Rahn,,Unlocked at Rogue Level 57.,,
CS2_025,447,Arcane Explosion,Basic,Spell,Deal $1 damage to all enemy minions.,Mage,enUS,,Neutral,Free,,true,http://media.services.zam.com/v1/media/byName/hs/cards/enus/CS2_025.png,http://media.services.zam.com/v1/media/byName/hs/cards/enus/animated/CS2_025_premium.gif,,,2,This spell is much better than Arcane Implosion.,Howard Lyon,Unlocked at Level 1.,Unlocked at Level 28.,,
CS2_102,725,Armor Up!,Basic,Hero Power,<b>Hero Power</b>\nGain 2 Armor.,Warrior,enUS,,Neutral,Free,,,http://wow.zamimg.com/images/hearthstone/cards/enus/original/CS2_102.png,http://wow.zamimg.com/images/hearthstone/cards/enus/animated/CS2_102_premium.gif,,,2,,,,,,
CS2_172,216,Bloodfen Raptor,Basic,Minion,,Neutral,enUS,,Horde,Free,2,true,http://media.services.zam.com/v1/media/byName/hs/cards/enus/CS2_172.png,http://media.services.zam.com/v1/media/byName/hs/cards/enus/animated/CS2_172_premium.gif,3,Beast,2,"""Kill 30 raptors."" - Hemet Nesingwary",Dan Brereton,,Unlocked at Hunter Level 57.,,
CS2_173,739,Bluegill Warrior,Basic,Minion,<b>Charge</b>,Neutral,enUS,Charge,Neutral,Free,1,true,http://media.services.zam.com/v1/media/byName/hs/cards/enus/CS2_173.png,http://media.services.zam.com/v1/media/byName/hs/cards/enus/animated/CS2_173_premium.gif,2,Murloc,2,He just wants a hug.   A sloppy... slimy... hug.,Jakub Kasper,,Unlocked at Paladin Level 53.,,
CS2_114,940,Cleave,Basic,Spell,[x]Deal $2 damage to\ntwo random enemy\nminions.,Warrior,enUS,,Neutral,Free,,true,http://media.services.zam.com/v1/media/byName/hs/cards/enus/CS2_114.png,http://media.services.zam.com/v1/media/byName/hs/cards/enus/animated/CS2_114_premium.gif,,,2,Hey you two…could you stand next to each other for a second…,Phroilan Gardner,Unlocked at Level 2.,Unlocked at Level 40.,,
CS2_083b,730,Dagger Mastery,Basic,Hero Power,<b>Hero Power</b>\nEquip a 1/2 Dagger.,Rogue,enUS,,Neutral,Free,,,http://wow.zamimg.com/images/hearthstone/cards/enus/original/CS2_083b.png,http://wow.zamimg.com/images/hearthstone/cards/enus/animated/CS2_083b_premium.gif,,,2,,,,,,
BCON_001,49225,Deadeye,Basic,Spell,"For the rest of the game,\nyour Hero Power can target minions.",Hunter,enUS,,,Free,,,http://wow.zamimg.com/images/hearthstone/cards/enus/original/BCON_001.png,http://wow.zamimg.com/images/hearthstone/cards/enus/animated/BCON_001_premium.gif,,,2,,,,,,
CS2_236,1361,Divine Spirit,Basic,Spell,Double a minion's Health.,Priest,enUS,,,Free,,true,http://media.services.zam.com/v1/media/byName/hs/cards/enus/CS2_236.png,http://media.services.zam.com/v1/media/byName/hs/cards/enus/animated/CS2_236_premium.gif,,,2,Double the trouble. Double the fun!,Jim Pavelec,Unlocked at Level 2.,Unlocked at Level 28.,,
CS2_108,785,Execute,Basic,Spell,Destroy a damaged enemy minion.,Warrior,enUS,,Neutral,Free,,true,http://media.services.zam.com/v1/media/byName/hs/cards/enus/CS2_108.png,http://media.services.zam.com/v1/media/byName/hs/cards/enus/animated/CS2_108_premium.gif,,,2,"It's okay, he deserved it.",Dany Orizio,Unlocked at Level 1.,Unlocked at Level 47.,,
CS2_034,807,Fireblast,Basic,Hero Power,<b>Hero Power</b>\nDeal $1 damage.,Mage,enUS,,Neutral,Free,,,http://wow.zamimg.com/images/hearthstone/cards/enus/original/CS2_034.png,http://wow.zamimg.com/images/hearthstone/cards/enus/animated/CS2_034_premium.gif,,,2,,,,,,
EX1_565,1008,Flametongue Totem,Basic,Minion,Adjacent minions have +2_Attack.,Shaman,enUS,AdjacentBuff,Neutral,Free,3,true,http://media.services.zam.com/v1/media/byName/hs/cards/enus/EX1_565.png,http://media.services.zam.com/v1/media/byName/hs/cards/enus/animated/EX1_565_premium.gif,0,Totem,2,Totemsmiths like to use the rarest woods for their totems.  There are even rumors of totems made of Ironbark Protectors.,Jonathan Ryder,Unlocked at Level 4.,Unlocked at Level 43.,,Aura
CS2_024,662,Frostbolt,Basic,Spell,Deal $3 damage to a_character and <b>Freeze</b> it.,Mage,enUS,Freeze,Neutral,Free,,true,http://media.services.zam.com/v1/media/byName/hs/cards/enus/CS2_024.png,http://media.services.zam.com/v1/media/byName/hs/cards/enus/animated/CS2_024_premium.gif,,,2,"It is customary to yell ""Chill out!"" or ""Freeze!"" or ""Ice ice, baby!"" when you play this card.",Steve Ellis,Unlocked at Level 2.,Unlocked at Level 40.,,
CS2_121,41,Frostwolf Grunt,Basic,Minion,<b>Taunt</b>,Neutral,enUS,Taunt,Neutral,Free,2,true,http://media.services.zam.com/v1/media/byName/hs/cards/enus/CS2_121.png,http://media.services.zam.com/v1/media/byName/hs/cards/enus/animated/CS2_121_premium.gif,2,,2,Grunting is what his father did and his father before that.   It's more than just a job.,Richie Marella,,Unlocked at Shaman Level 57.,,
BCON_015,49240,Generous Spirit,Basic,Spell,[x]Choose a friendly minion.\nGive it to your opponent\nand draw 3 cards.,Priest,enUS,,,Free,,,http://wow.zamimg.com/images/hearthstone/cards/enus/original/BCON_015.png,http://wow.zamimg.com/images/hearthstone/cards/enus/animated/BCON_015_premium.gif,,,2,,,,,,
CS2_105,1007,Heroic Strike,Basic,Spell,Give your hero +4_Attack this turn.,Warrior,enUS,,Neutral,Free,,true,http://media.services.zam.com/v1/media/byName/hs/cards/enus/CS2_105.png,http://media.services.zam.com/v1/media/byName/hs/cards/enus/animated/CS2_105_premium.gif,,,2,"Really, if you're a hero, this is <i>every</i> strike.",Jonboy Meyers,Unlocked at Level 1.,Unlocked at Level 15.,,
CS2_089,291,Holy Light,Basic,Spell,Restore #6 Health.,Paladin,enUS,,Neutral,Free,,true,http://media.services.zam.com/v1/media/byName/hs/cards/enus/CS2_089.png,http://media.services.zam.com/v1/media/byName/hs/cards/enus/animated/CS2_089_premium.gif,,,2,"If you are often bathed in Holy Light, you should consider wearing sunscreen.",Zoltan & Gabor,Unlocked at Level 1.,Unlocked at Level 15.,,
CS2_142,672,Kobold Geomancer,Basic,Minion,<b>Spell Damage +1</b>,Neutral,enUS,Spell Damage,Horde,Free,2,true,http://media.services.zam.com/v1/media/byName/hs/cards/enus/CS2_142.png,http://media.services.zam.com/v1/media/byName/hs/cards/enus/animated/CS2_142_premium.gif,2,,2,"In the old days, Kobolds were the finest candle merchants in the land. Then they got pushed too far...",Gabor Szikszai,,Unlocked at Warlock Level 59.,,
CS1h_001,479,Lesser Heal,Basic,Hero Power,<b>Hero Power</b>\nRestore #2 Health.,Priest,enUS,,Neutral,Free,,,http://wow.zamimg.com/images/hearthstone/cards/enus/original/CS1h_001.png,http://wow.zamimg.com/images/hearthstone/cards/enus/animated/CS1h_001_premium.gif,,,2,,,,,,
CS2_056,300,Life Tap,Basic,Hero Power,<b>Hero Power</b>\nDraw a card and take $2_damage.,Warlock,enUS,,Neutral,Free,,,http://wow.zamimg.com/images/hearthstone/cards/enus/original/CS2_056.png,http://wow.zamimg.com/images/hearthstone/cards/enus/animated/CS2_056_premium.gif,,,2,,,,,,
CS2_009,213,Mark of the Wild,Basic,Spell,Give a minion <b>Taunt</b> and +2/+2.<i>\n(+2 Attack/+2 Health)</i>,Druid,enUS,Taunt,Neutral,Free,,true,http://media.services.zam.com/v1/media/byName/hs/cards/enus/CS2_009.png,http://media.services.zam.com/v1/media/byName/hs/cards/enus/animated/CS2_009_premium.gif,,,2,Not to be confused with Jim of the Wild.,Brad Vancata,Unlocked at Level 1.,Unlocked at Level 28.,,
DS1_233,545,Mind Blast,Basic,Spell,Deal $5 damage to the enemy hero.,Priest,enUS,,Neutral,Free,,true,http://media.services.zam.com/v1/media/byName/hs/cards/enus/DS1_233.png,http://media.services.zam.com/v1/media/byName/hs/cards/enus/animated/DS1_233_premium.gif,,,2,This spell blasts you directly in the MIND.,Dave Allsop,Unlocked at Level 1.,Unlocked at Level 15.,,
EX1_506,976,Murloc Tidehunter,Basic,Minion,<b>Battlecry:</b> Summon a 1/1_Murloc Scout.,Neutral,enUS,Battlecry,Neutral,Free,1,true,http://media.services.zam.com/v1/media/byName/hs/cards/enus/EX1_506.png,http://media.services.zam.com/v1/media/byName/hs/cards/enus/animated/EX1_506_premium.gif,2,Murloc,2,"""Death will rise, from the tides!""",Dan Scott,,Unlocked at Rogue Level 53.,,
GAME_006,1748,NOOOOOOOOOOOO,Basic,Spell,"Somehow, the card you USED to have has been deleted.  Here, have this one instead!",Neutral,enUS,,,,,,http://wow.zamimg.com/images/hearthstone/cards/enus/original/GAME_006.png,http://wow.zamimg.com/images/hearthstone/cards/enus/animated/GAME_006_premium.gif,,,2,Even your flavor text has been deleted. Dang.,,,,,
EX1_015,284,Novice Engineer,Basic,Minion,<b>Battlecry:</b> Draw a card.,Neutral,enUS,Battlecry,Alliance,Free,1,true,http://media.services.zam.com/v1/media/byName/hs/cards/enus/EX1_015.png,http://media.services.zam.com/v1/media/byName/hs/cards/enus/animated/EX1_015_premium.gif,1,,2,"""Half of this class will not graduate… since they'll have been turned to chickens."" - Tinkmaster Overspark, teaching Gizmos 101.",Karl Richardson,,Unlocked at Druid Level 59.,,
CS2_101,472,Reinforce,Basic,Hero Power,<b>Hero Power</b>\nSummon a 1/1 Silver Hand Recruit.,Paladin,enUS,,Neutral,Free,,,http://wow.zamimg.com/images/hearthstone/cards/enus/original/CS2_101.png,http://wow.zamimg.com/images/hearthstone/cards/enus/animated/CS2_101_premium.gif,,,2,,,,,,
CS2_120,1369,River Crocolisk,Basic,Minion,,Neutral,enUS,,,Free,3,true,http://media.services.zam.com/v1/media/byName/hs/cards/enus/CS2_120.png,http://media.services.zam.com/v1/media/byName/hs/cards/enus/animated/CS2_120_premium.gif,2,Beast,2,"Edward ""Lefty"" Smith tried to make luggage out of a river crocolisk once.",Daren Bader,,Unlocked at Druid Level 55.,,
CS2_045,239,Rockbiter Weapon,Basic,Spell,Give a friendly character +3 Attack this turn.,Shaman,enUS,,Neutral,Free,,true,http://media.services.zam.com/v1/media/byName/hs/cards/enus/CS2_045.png,http://media.services.zam.com/v1/media/byName/hs/cards/enus/animated/CS2_045_premium.gif,,,2,This would be real handy if your enemy is made of rock.,Alex Horley Orlandelli,Unlocked at Level 1.,Unlocked at Level 36.,,
EX1_581,461,Sap,Basic,Spell,Return an enemy minion to your opponent's hand.,Rogue,enUS,,Neutral,Free,,true,http://media.services.zam.com/v1/media/byName/hs/cards/enus/EX1_581.png,http://media.services.zam.com/v1/media/byName/hs/cards/enus/animated/EX1_581_premium.gif,,,2,Rogues love sappy movies.,Scott Altmann,Unlocked at Level 1.,Unlocked at Level 40.,,
CS2_234,1367,Shadow Word: Pain,Basic,Spell,Destroy a minion with 3_or less Attack.,Priest,enUS,,,Free,,true,http://media.services.zam.com/v1/media/byName/hs/cards/enus/CS2_234.png,http://media.services.zam.com/v1/media/byName/hs/cards/enus/animated/CS2_234_premium.gif,,,2,"A step up from a spell cast by many beginning acolytes: ""Shadow Word: Annoy"".",Raymond Swanland,Unlocked at Level 1.,Unlocked at Level 36.,,
CS2_017,1123,Shapeshift,Basic,Hero Power,<b>Hero Power</b>\n+1 Attack this turn.\n+1 Armor.,Druid,enUS,,Neutral,Free,,,http://wow.zamimg.com/images/hearthstone/cards/enus/original/CS2_017.png,http://wow.zamimg.com/images/hearthstone/cards/enus/animated/CS2_017_premium.gif,,,2,,,,,,
EX1_278,573,Shiv,Basic,Spell,Deal $1 damage.\nDraw a card.,Rogue,enUS,,Neutral,Free,,true,http://media.services.zam.com/v1/media/byName/hs/cards/enus/EX1_278.png,http://media.services.zam.com/v1/media/byName/hs/cards/enus/animated/EX1_278_premium.gif,,,2,Rogues are experts at SHIV-al-ry.,Alex Garner,Unlocked at Level 6.,Unlocked at Level 45.,,
DS1h_292,229,Steady Shot,Basic,Hero Power,<b>Hero Power</b>\nDeal $2 damage.,Hunter,enUS,,Neutral,Free,,,http://wow.zamimg.com/images/hearthstone/cards/enus/original/DS1h_292.png,http://wow.zamimg.com/images/hearthstone/cards/enus/animated/DS1h_292_premium.gif,,,2,,,,,,
EX1_306,592,Succubus,Basic,Minion,<b>Battlecry:</b> Discard a random card.,Warlock,enUS,Battlecry,Neutral,Free,3,true,http://media.services.zam.com/v1/media/byName/hs/cards/enus/EX1_306.png,http://media.services.zam.com/v1/media/byName/hs/cards/enus/animated/EX1_306_premium.gif,4,Demon,2,Warlocks have it pretty good.,Matt Dixon,Unlocked at Level 1.,Unlocked at Level 40.,,
CS2_049,687,Totemic Call,Basic,Hero Power,<b>Hero Power</b>\nSummon a random Totem.,Shaman,enUS,,Neutral,Free,,,http://wow.zamimg.com/images/hearthstone/cards/enus/original/CS2_049.png,http://wow.zamimg.com/images/hearthstone/cards/enus/animated/CS2_049_premium.gif,,,2,,,,,,
CS2_013,1124,Wild Growth,Basic,Spell,Gain an empty Mana Crystal.,Druid,enUS,,Neutral,Free,,true,http://media.services.zam.com/v1/media/byName/hs/cards/enus/CS2_013.png,http://media.services.zam.com/v1/media/byName/hs/cards/enus/animated/CS2_013_premium.gif,,,2,"Grow your own mana crystals with this Mana Crystal Growth Kit, only 39.99!",James Ryman,Unlocked at Level 1.,Unlocked at Level 23.,,
CS2_039,51,Windfury,Basic,Spell,Give a minion <b>Windfury</b>.,Shaman,enUS,Windfury,Neutral,Free,,true,http://media.services.zam.com/v1/media/byName/hs/cards/enus/CS2_039.png,http://media.services.zam.com/v1/media/byName/hs/cards/enus/animated/CS2_039_premium.gif,,,2,"Windfury is like Earthfury and Firefury, but more light and airy.",Justin Sweet,Unlocked at Level 1.,Unlocked at Level 23.,,
NEW1_031,437,Animal Companion,Basic,Spell,Summon a random Beast Companion.,Hunter,enUS,,,Free,,true,http://media.services.zam.com/v1/media/byName/hs/cards/enus/NEW1_031.png,http://media.services.zam.com/v1/media/byName/hs/cards/enus/animated/NEW1_031_premium.gif,,,3,"You could summon Misha, Leokk, or Huffer!  Huffer is more trouble than he's worth.",Wei Wang,Unlocked at Level 2.,Unlocked at Level 45.,,
CS2_023,555,Arcane Intellect,Basic,Spell,Draw 2 cards.,Mage,enUS,,Neutral,Free,,true,http://media.services.zam.com/v1/media/byName/hs/cards/enus/CS2_023.png,http://media.services.zam.com/v1/media/byName/hs/cards/enus/animated/CS2_023_premium.gif,,,3,Playing this card makes you SMARTER.  And let's face it: we could all stand to be a little smarter.,Dave Berggren,Unlocked at Level 1.,Unlocked at Level 15.,,
BCON_026,49251,Blazing Longsword,Basic,Weapon,Also damages minions next to whomever your hero attacks.,Warrior,enUS,,,Free,,,http://wow.zamimg.com/images/hearthstone/cards/enus/original/BCON_026.png,http://wow.zamimg.com/images/hearthstone/cards/enus/animated/BCON_026_premium.gif,2,,3,,,,,3,
EX1_582,175,Dalaran Mage,Basic,Minion,<b>Spell Damage +1</b>,Neutral,enUS,Spell Damage,Neutral,Free,4,true,http://media.services.zam.com/v1/media/byName/hs/cards/enus/EX1_582.png,http://media.services.zam.com/v1/media/byName/hs/cards/enus/animated/EX1_582_premium.gif,1,,3,You don't see a lot of Dalaran warriors.,Jim Nelson,,Unlocked at Mage Level 59.,,
CS2_061,919,Drain Life,Basic,Spell,Deal $2 damage. Restore #2 Health to your hero.,Warlock,enUS,,Neutral,Free,,true,http://media.services.zam.com/v1/media/byName/hs/cards/enus/CS2_061.png,http://media.services.zam.com/v1/media/byName/hs/cards/enus/animated/CS2_061_premium.gif,,,3,"""I've just sucked one year of your life away.""",Alex Horley Orlandelli,Unlocked at Level 1.,Unlocked at Level 45.,,
EX1_129,667,Fan of Knives,Basic,Spell,Deal $1 damage to all enemy minions. Draw_a card.,Rogue,enUS,,Neutral,Free,,true,http://media.services.zam.com/v1/media/byName/hs/cards/enus/EX1_129.png,http://media.services.zam.com/v1/media/byName/hs/cards/enus/animated/EX1_129_premium.gif,,,3,"I wouldn't say I LOVE knives, but I'm definitely a fan.",Andrew Robinson,Unlocked at Level 4.,Unlocked at Level 28.,,
CS2_106,401,Fiery War Axe,Basic,Weapon,,Warrior,enUS,,Neutral,Free,,true,http://media.services.zam.com/v1/media/byName/hs/cards/enus/CS2_106.png,http://media.services.zam.com/v1/media/byName/hs/cards/enus/animated/CS2_106_premium.gif,3,,3,"During times of tranquility and harmony, this weapon was called by its less popular name, Chilly Peace Axe.",Lucas Graciano,Unlocked at Level 1.,Unlocked at Level 49.,2,
CS2_026,587,Frost Nova,Basic,Spell,<b>Freeze</b> all enemy minions.,Mage,enUS,Freeze,Neutral,Free,,true,http://media.services.zam.com/v1/media/byName/hs/cards/enus/CS2_026.png,http://media.services.zam.com/v1/media/byName/hs/cards/enus/animated/CS2_026_premium.gif,,,3,"Hey man, that's cold.  Literally and metaphorically.",Josh Tallman,Unlocked at Level 6.,Unlocked at Level 23.,,
CS2_007,773,Healing Touch,Basic,Spell,Restore #8 Health.,Druid,enUS,,Neutral,Free,,true,http://media.services.zam.com/v1/media/byName/hs/cards/enus/CS2_007.png,http://media.services.zam.com/v1/media/byName/hs/cards/enus/animated/CS2_007_premium.gif,,,3,"8 Health, no waiting.",Cyril Van Der Haegen,Unlocked at Level 1.,Unlocked at Level 15.,,
NEW1_034,100,Huffer,Basic,Minion,<b>Charge</b>,Hunter,enUS,Charge,,Common,2,,http://wow.zamimg.com/images/hearthstone/cards/enus/original/NEW1_034.png,http://wow.zamimg.com/images/hearthstone/cards/enus/animated/NEW1_034_premium.gif,4,Beast,3,,,,,,
CS2_141,339,Ironforge Rifleman,Basic,Minion,<b>Battlecry:</b> Deal 1 damage.,Neutral,enUS,Battlecry,Alliance,Free,2,true,http://media.services.zam.com/v1/media/byName/hs/cards/enus/CS2_141.png,http://media.services.zam.com/v1/media/byName/hs/cards/enus/animated/CS2_141_premium.gif,2,,3,"""Ready! Aim! Drink!""",Tooth,,Unlocked at Mage Level 55.,,
CS2_125,1182,Ironfur Grizzly,Basic,Minion,<b>Taunt</b>,Neutral,enUS,Taunt,Neutral,Free,3,true,http://media.services.zam.com/v1/media/byName/hs/cards/enus/CS2_125.png,http://media.services.zam.com/v1/media/byName/hs/cards/enus/animated/CS2_125_premium.gif,3,Beast,3,"""Bear Carcass 1/10""",Lars Grant-West,,Unlocked at Hunter Level 59.,,
EX1_539,296,Kill Command,Basic,Spell,"Deal $3 damage. If you control a Beast, deal\n$5 damage instead.",Hunter,enUS,,Neutral,Free,,true,http://media.services.zam.com/v1/media/byName/hs/cards/enus/EX1_539.png,http://media.services.zam.com/v1/media/byName/hs/cards/enus/animated/EX1_539_premium.gif,,,3,"""Kill!"", he commanded.",Gabe from Penny Arcade,Unlocked at Level 10.,Unlocked at Level 49.,,
NEW1_033,226,Leokk,Basic,Minion,Your other minions have +1 Attack.,Hunter,enUS,Aura,,Common,4,,http://wow.zamimg.com/images/hearthstone/cards/enus/original/NEW1_033.png,http://wow.zamimg.com/images/hearthstone/cards/enus/animated/NEW1_033_premium.gif,2,Beast,3,,,,,,
CS2_118,1653,Magma Rager,Basic,Minion,,Neutral,enUS,,,Free,1,true,http://media.services.zam.com/v1/media/byName/hs/cards/enus/CS2_118.png,http://media.services.zam.com/v1/media/byName/hs/cards/enus/animated/CS2_118_premium.gif,5,Elemental,3,"He likes to think he is powerful, but pretty much anyone can solo Molten Core now.",Matt Gaser,,Unlocked at Shaman Level 51.,,
NEW1_032,959,Misha,Basic,Minion,<b>Taunt</b>,Hunter,enUS,Taunt,,Common,4,,http://wow.zamimg.com/images/hearthstone/cards/enus/original/NEW1_032.png,http://wow.zamimg.com/images/hearthstone/cards/enus/animated/NEW1_032_premium.gif,4,Beast,3,,,,,,
BCON_008,49231,Nature's Champion,Basic,Spell,Return a friendly minion to your hand and give it +5/+5.,Druid,enUS,,,Free,,,http://wow.zamimg.com/images/hearthstone/cards/enus/original/BCON_008.png,http://wow.zamimg.com/images/hearthstone/cards/enus/animated/BCON_008_premium.gif,,,3,,,,,,
CS2_122,1401,Raid Leader,Basic,Minion,Your other minions have +1 Attack.,Neutral,enUS,Aura,,Free,2,true,http://media.services.zam.com/v1/media/byName/hs/cards/enus/CS2_122.png,http://media.services.zam.com/v1/media/byName/hs/cards/enus/animated/CS2_122_premium.gif,2,,3,"""That's a 50 DKP minus!""",Phill Gonzales,,Unlocked at Warrior Level 57.,,
CS2_196,257,Razorfen Hunter,Basic,Minion,<b>Battlecry:</b> Summon a 1/1_Boar.,Neutral,enUS,Battlecry,Horde,Free,3,true,http://media.services.zam.com/v1/media/byName/hs/cards/enus/CS2_196.png,http://media.services.zam.com/v1/media/byName/hs/cards/enus/animated/CS2_196_premium.gif,2,,3,Someone did mess with Tuskerr once.  ONCE.,Clint Langley,,Unlocked at Hunter Level 55.,,
CS2_011,742,Savage Roar,Basic,Spell,Give your characters +2_Attack this turn.,Druid,enUS,,Neutral,Free,,true,http://media.services.zam.com/v1/media/byName/hs/cards/enus/CS2_011.png,http://media.services.zam.com/v1/media/byName/hs/cards/enus/animated/CS2_011_premium.gif,,,3,"What do they roar? Nobody can quite tell, but it sounds like ""Elephant Macho Breeze"".  It's probably not that, though.",Grace Liu,Unlocked at Level 4.,Unlocked at Level 43.,,
CS2_057,914,Shadow Bolt,Basic,Spell,Deal $4 damage\nto a minion.,Warlock,enUS,,Neutral,Free,,true,http://media.services.zam.com/v1/media/byName/hs/cards/enus/CS2_057.png,http://media.services.zam.com/v1/media/byName/hs/cards/enus/animated/CS2_057_premium.gif,,,3,It’s a Bolt.   It's made out of Shadow.   What more do you need to know!,Dave Allsop,Unlocked at Level 1.,Unlocked at Level 47.,,
EX1_622,1363,Shadow Word: Death,Basic,Spell,Destroy a minion with 5_or more Attack.,Priest,enUS,,,Free,,true,http://media.services.zam.com/v1/media/byName/hs/cards/enus/EX1_622.png,http://media.services.zam.com/v1/media/byName/hs/cards/enus/animated/EX1_622_premium.gif,,,3,"If you miss, it leaves a lightning-bolt-shaped scar on your target.",Raymond Swanland,Unlocked at Level 8.,Unlocked at Level 43.,,
EX1_019,608,Shattered Sun Cleric,Basic,Minion,<b>Battlecry:</b> Give a friendly minion +1/+1.,Neutral,enUS,Battlecry,Neutral,Free,2,true,http://media.services.zam.com/v1/media/byName/hs/cards/enus/EX1_019.png,http://media.services.zam.com/v1/media/byName/hs/cards/enus/animated/EX1_019_premium.gif,3,,3,They always have a spare flask of Sunwell Energy Drink™!,Doug Alexander,,Unlocked at Priest Level 53.,,
EX1_606,1023,Shield Block,Basic,Spell,Gain 5 Armor.\nDraw a card.,Warrior,enUS,,Neutral,Free,,true,http://media.services.zam.com/v1/media/byName/hs/cards/enus/EX1_606.png,http://media.services.zam.com/v1/media/byName/hs/cards/enus/animated/EX1_606_premium.gif,,,3,Shields were invented because Face Block is USELESS.,Michael Komarck,Unlocked at Level 8.,Unlocked at Level 28.,,
CS2_127,67,Silverback Patriarch,Basic,Minion,<b>Taunt</b>,Neutral,enUS,Taunt,Horde,Free,4,true,http://media.services.zam.com/v1/media/byName/hs/cards/enus/CS2_127.png,http://media.services.zam.com/v1/media/byName/hs/cards/enus/animated/CS2_127_premium.gif,1,Beast,3,"He likes to act like he's in charge, but the silverback matriarch actually runs things.",Daren Bader,,Unlocked at Warrior Level 53.,,
EX1_084,1009,Warsong Commander,Basic,Minion,Your <b>Charge</b> minions have +1 Attack.,Warrior,enUS,Charge,Neutral,Free,3,true,http://media.services.zam.com/v1/media/byName/hs/cards/enus/EX1_084.png,http://media.services.zam.com/v1/media/byName/hs/cards/enus/animated/EX1_084_premium.gif,2,,3,The Warsong clan is <i>such drama</i>. It's really not worth it to become a commander.,Wei Wang,Unlocked at Level 1.,Unlocked at Level 36.,,Aura
CS2_124,289,Wolfrider,Basic,Minion,<b>Charge</b>,Neutral,enUS,Charge,Horde,Free,1,true,http://media.services.zam.com/v1/media/byName/hs/cards/enus/CS2_124.png,http://media.services.zam.com/v1/media/byName/hs/cards/enus/animated/CS2_124_premium.gif,3,,3,"Orcish raiders ride wolves because they are well adapted to harsh environments, and because they are soft and cuddly.",Dany Orizio,,Unlocked at Warrior Level 59.,,
CS2_092,943,Blessing of Kings,Basic,Spell,Give a minion +4/+4. <i>(+4 Attack/+4 Health)</i>,Paladin,enUS,,Neutral,Free,,true,http://media.services.zam.com/v1/media/byName/hs/cards/enus/CS2_092.png,http://media.services.zam.com/v1/media/byName/hs/cards/enus/animated/CS2_092_premium.gif,,,4,"Given the number of kings who have been assassinated, are you sure you want their blessing?",Lucas Graciano,Unlocked at Level 10.,Unlocked at Level 49.,,
CS2_182,90,Chillwind Yeti,Basic,Minion,,Neutral,enUS,,Neutral,Free,5,true,http://media.services.zam.com/v1/media/byName/hs/cards/enus/CS2_182.png,http://media.services.zam.com/v1/media/byName/hs/cards/enus/animated/CS2_182_premium.gif,4,,4,"He always dreamed of coming down from the mountains and opening a noodle shop, but he never got the nerve.",Mauro Cascioli,,Unlocked at Warrior Level 55.,,
CS2_093,476,Consecration,Basic,Spell,Deal $2 damage to all_enemies.,Paladin,enUS,,Neutral,Free,,true,http://media.services.zam.com/v1/media/byName/hs/cards/enus/CS2_093.png,http://media.services.zam.com/v1/media/byName/hs/cards/enus/animated/CS2_093_premium.gif,,,4,"Consecrated ground glows with Holy energy.  But it smells a little, too.",Vance Kovacs,Unlocked at Level 4.,Unlocked at Level 43.,,
EX1_025,523,Dragonling Mechanic,Basic,Minion,<b>Battlecry:</b> Summon a 2/1 Mechanical Dragonling.,Neutral,enUS,Battlecry,Alliance,Free,4,true,http://media.services.zam.com/v1/media/byName/hs/cards/enus/EX1_025.png,http://media.services.zam.com/v1/media/byName/hs/cards/enus/animated/EX1_025_premium.gif,2,,4,She is still working on installing the rocket launcher add-on for Mr. Bitey.,Warren Mahy,,Unlocked at Mage Level 53.,,
CS2_029,315,Fireball,Basic,Spell,Deal $6 damage.,Mage,enUS,,Neutral,Free,,true,http://media.services.zam.com/v1/media/byName/hs/cards/enus/CS2_029.png,http://media.services.zam.com/v1/media/byName/hs/cards/enus/animated/CS2_029_premium.gif,,,4,"This spell is useful for burning things.  If you're looking for spells that toast things, or just warm them a little, you're in the wrong place.",Ralph Horsley,Unlocked at Level 1.,Unlocked at Level 44.,,
CS2_147,308,Gnomish Inventor,Basic,Minion,<b>Battlecry:</b> Draw a card.,Neutral,enUS,Battlecry,Alliance,Free,4,true,http://media.services.zam.com/v1/media/byName/hs/cards/enus/CS2_147.png,http://media.services.zam.com/v1/media/byName/hs/cards/enus/animated/CS2_147_premium.gif,2,,4,"She's never quite sure what she's making, she just knows it's AWESOME!",Court Jones,,Unlocked at Priest Level 57.,,
CS2_094,250,Hammer of Wrath,Basic,Spell,Deal $3 damage.\nDraw a card.,Paladin,enUS,,Neutral,Free,,true,http://media.services.zam.com/v1/media/byName/hs/cards/enus/CS2_094.png,http://media.services.zam.com/v1/media/byName/hs/cards/enus/animated/CS2_094_premium.gif,,,4,"A good paladin has many tools.  Hammer of Wrath, Pliers of Vengeance, Hacksaw of Justice, etc.",Efrem Palacios,Unlocked at Level 1.,Unlocked at Level 32.,,
CS2_062,950,Hellfire,Basic,Spell,Deal $3 damage to ALL_characters.,Warlock,enUS,,Neutral,Free,,true,http://media.services.zam.com/v1/media/byName/hs/cards/enus/CS2_062.png,http://media.services.zam.com/v1/media/byName/hs/cards/enus/animated/CS2_062_premium.gif,,,4,It's spells like these that make it hard for Warlocks to get decent help.,Chippy,Unlocked at Level 1.,Unlocked at Level 49.,,
EX1_246,766,Hex,Basic,Spell,Transform a minion into a 0/1 Frog with <b>Taunt</b>.,Shaman,enUS,Taunt,Neutral,Free,,true,http://media.services.zam.com/v1/media/byName/hs/cards/enus/EX1_246.png,http://media.services.zam.com/v1/media/byName/hs/cards/enus/animated/EX1_246_premium.gif,,,4,"If you Hex a Murloc... it really isn't much of a change, is it?",Steve Hui,Unlocked at Level 1.,Unlocked at Level 47.,,
DS1_070,1003,Houndmaster,Basic,Minion,<b>Battlecry:</b> Give a friendly Beast +2/+2 and <b>Taunt</b>.,Hunter,enUS,Taunt,Neutral,Free,3,true,http://media.services.zam.com/v1/media/byName/hs/cards/enus/DS1_070.png,http://media.services.zam.com/v1/media/byName/hs/cards/enus/animated/DS1_070_premium.gif,4,,4,"""Who let the dogs out?"" he asks.  It's rhetorical.",Dan Brereton,Unlocked at Level 1.,Unlocked at Level 28.,,Battlecry
NEW1_011,28,Kor'kron Elite,Basic,Minion,<b>Charge</b>,Warrior,enUS,Charge,,Free,3,true,http://media.services.zam.com/v1/media/byName/hs/cards/enus/NEW1_011.png,http://media.services.zam.com/v1/media/byName/hs/cards/enus/animated/NEW1_011_premium.gif,4,,4,The Kor'kron are the elite forces of Garrosh Hellscream. Let's just say you don't want to run into these guys while wearing a blue tabard.,Alex Horley Orlandelli,Unlocked at Level 4.,Unlocked at Level 44.,,
DS1_183,292,Multi-Shot,Basic,Spell,Deal $3 damage to two random enemy minions.,Hunter,enUS,,Neutral,Free,,true,http://media.services.zam.com/v1/media/byName/hs/cards/enus/DS1_183.png,http://media.services.zam.com/v1/media/byName/hs/cards/enus/animated/DS1_183_premium.gif,,,4,"You see, it's all about <i>throughput</i>.",Benjamin Zhang,Unlocked at Level 1.,Unlocked at Level 36.,,
CS2_119,1370,Oasis Snapjaw,Basic,Minion,,Neutral,enUS,,,Free,7,true,http://media.services.zam.com/v1/media/byName/hs/cards/enus/CS2_119.png,http://media.services.zam.com/v1/media/byName/hs/cards/enus/animated/CS2_119_premium.gif,2,Beast,4,His dreams of flying and breathing fire like his idol will never be realized.,Ittoku,,Unlocked at Druid Level 51.,,
CS2_197,995,Ogre Magi,Basic,Minion,<b>Spell Damage +1</b>,Neutral,enUS,Spell Damage,Neutral,Free,4,true,http://media.services.zam.com/v1/media/byName/hs/cards/enus/CS2_197.png,http://media.services.zam.com/v1/media/byName/hs/cards/enus/animated/CS2_197_premium.gif,4,,4,Training Ogres in the art of spellcasting is a questionable decision.,James Ryman,,Unlocked at Warlock Level 55.,,
CS2_022,77,Polymorph,Basic,Spell,Transform a minion\ninto a 1/1 Sheep.,Mage,enUS,,Neutral,Free,,true,http://media.services.zam.com/v1/media/byName/hs/cards/enus/CS2_022.png,http://media.services.zam.com/v1/media/byName/hs/cards/enus/animated/CS2_022_premium.gif,,,4,"There was going to be a pun in this flavor text, but it just came out baa-d.",Vance Kovacs,Unlocked at Level 1.,Unlocked at Level 47.,,
CS2_179,635,Sen'jin Shieldmasta,Basic,Minion,<b>Taunt</b>,Neutral,enUS,Taunt,Horde,Free,5,true,http://media.services.zam.com/v1/media/byName/hs/cards/enus/CS2_179.png,http://media.services.zam.com/v1/media/byName/hs/cards/enus/animated/CS2_179_premium.gif,3,,4,"Sen'jin Village is nice, if you like trolls and dust.",Brian Despain,,Unlocked at Rogue Level 59.,,
CS2_131,622,Stormwind Knight,Basic,Minion,<b>Charge</b>,Neutral,enUS,Charge,Alliance,Free,5,true,http://media.services.zam.com/v1/media/byName/hs/cards/enus/CS2_131.png,http://media.services.zam.com/v1/media/byName/hs/cards/enus/animated/CS2_131_premium.gif,2,,4,"They're still embarrassed about ""The Deathwing Incident"".",Ladronn,,Unlocked at Paladin Level 55.,,
CS2_012,64,Swipe,Basic,Spell,Deal $4 damage to an enemy and $1 damage to all other enemies.,Druid,enUS,,Neutral,Free,,true,http://media.services.zam.com/v1/media/byName/hs/cards/enus/CS2_012.png,http://media.services.zam.com/v1/media/byName/hs/cards/enus/animated/CS2_012_premium.gif,,,4,"When a bear rears back and extends his arms, he's about to Swipe!  ... or hug.",Sean O’Daniels,Unlocked at Level 8.,Unlocked at Level 47.,,
CS2_097,847,Truesilver Champion,Basic,Weapon,"Whenever your hero attacks, restore #2_Health to it.",Paladin,enUS,,Neutral,Free,,true,http://media.services.zam.com/v1/media/byName/hs/cards/enus/CS2_097.png,http://media.services.zam.com/v1/media/byName/hs/cards/enus/animated/CS2_097_premium.gif,4,,4,"It Slices, it Dices. You can cut a tin can with it. (But you wouldn't want to.)",Ryan Sook,Unlocked at Level 2.,Unlocked at Level 40.,2,
CS2_033,395,Water Elemental,Basic,Minion,<b>Freeze</b> any character damaged by this minion.,Mage,enUS,Freeze,Neutral,Free,6,true,http://media.services.zam.com/v1/media/byName/hs/cards/enus/CS2_033.png,http://media.services.zam.com/v1/media/byName/hs/cards/enus/animated/CS2_033_premium.gif,3,Elemental,4,Don't summon a water elemental at a party.  It'll dampen the mood.,John Avon,Unlocked at Level 8.,Unlocked at Level 49.,,
EX1_587,178,Windspeaker,Basic,Minion,<b>Battlecry:</b> Give a friendly minion <b>Windfury</b>.,Shaman,enUS,Windfury,Neutral,Free,3,true,http://media.services.zam.com/v1/media/byName/hs/cards/enus/EX1_587.png,http://media.services.zam.com/v1/media/byName/hs/cards/enus/animated/EX1_587_premium.gif,3,,4,Is there anything worse than a Windspeaker with halitosis?,Vance Kovacs,Unlocked at Level 8.,Unlocked at Level 45.,,Battlecry
CS2_112,304,Arcanite Reaper,Basic,Weapon,,Warrior,enUS,,Neutral,Free,,true,http://media.services.zam.com/v1/media/byName/hs/cards/enus/CS2_112.png,http://media.services.zam.com/v1/media/byName/hs/cards/enus/animated/CS2_112_premium.gif,5,,5,No… actually you should fear the Reaper.,Stefan Kopinski,Unlocked at Level 10.,Unlocked at Level 51.,2,
CS2_080,421,Assassin's Blade,Basic,Weapon,,Rogue,enUS,,Neutral,Free,,true,http://media.services.zam.com/v1/media/byName/hs/cards/enus/CS2_080.png,http://media.services.zam.com/v1/media/byName/hs/cards/enus/animated/CS2_080_premium.gif,3,,5,Guaranteed to have been owned by a real assassin.   Certificate of authenticity included.,Brian Huang,Unlocked at Level 2.,Unlocked at Level 32.,4,
CS2_076,345,Assassinate,Basic,Spell,Destroy an enemy minion.,Rogue,enUS,,Neutral,Free,,true,http://media.services.zam.com/v1/media/byName/hs/cards/enus/CS2_076.png,http://media.services.zam.com/v1/media/byName/hs/cards/enus/animated/CS2_076_premium.gif,,,5,"If you don't want to be assassinated, move to the Barrens and change your name. Good luck!",Glenn Rane,Unlocked at Level 1.,Unlocked at Level 47.,,
CS2_046,1171,Bloodlust,Basic,Spell,Give your minions +3_Attack this turn.,Shaman,enUS,,Neutral,Free,,true,http://media.services.zam.com/v1/media/byName/hs/cards/enus/CS2_046.png,http://media.services.zam.com/v1/media/byName/hs/cards/enus/animated/CS2_046_premium.gif,,,5,blaarghghLLGHRHARAAHAHHH!!,Luca Zontini,Unlocked at Level 2.,Unlocked at Level 40.,,
CS2_187,1140,Booty Bay Bodyguard,Basic,Minion,<b>Taunt</b>,Neutral,enUS,Taunt,Horde,Free,4,true,http://media.services.zam.com/v1/media/byName/hs/cards/enus/CS2_187.png,http://media.services.zam.com/v1/media/byName/hs/cards/enus/animated/CS2_187_premium.gif,5,,5,You can hire him... until someone offers him enough gold to turn on you.,Matt Cavotta,,Unlocked at Shaman Level 55.,,
DS1_055,582,Darkscale Healer,Basic,Minion,<b>Battlecry:</b> Restore #2 Health to all friendly characters.,Neutral,enUS,Battlecry,Neutral,Free,5,true,http://media.services.zam.com/v1/media/byName/hs/cards/enus/DS1_055.png,http://media.services.zam.com/v1/media/byName/hs/cards/enus/animated/DS1_055_premium.gif,4,,5,Healing is just something she does in her free time.  It's more of a hobby really.,Jesper Ejsing,,Unlocked at Priest Level 55.,,
CS2_226,496,Frostwolf Warlord,Basic,Minion,<b>Battlecry:</b> Gain +1/+1 for each other friendly minion on the battlefield.,Neutral,enUS,Battlecry,Horde,Free,4,true,http://media.services.zam.com/v1/media/byName/hs/cards/enus/CS2_226.png,http://media.services.zam.com/v1/media/byName/hs/cards/enus/animated/CS2_226_premium.gif,4,,5,The Frostwolves are locked in combat with the Stormpike Expedition over control of Alterac Valley.  Every attempt at peace-talks has ended with Captain Galvangar killing the mediator.,James Ryman,,Unlocked at Shaman Level 53.,,
EX1_399,768,Gurubashi Berserker,Basic,Minion,"Whenever this minion takes damage, gain +3_Attack.",Neutral,enUS,,Neutral,Free,7,true,http://media.services.zam.com/v1/media/byName/hs/cards/enus/EX1_399.png,http://media.services.zam.com/v1/media/byName/hs/cards/enus/animated/EX1_399_premium.gif,2,,5,"No Pain, No Gain.",Alex Horley Orlandelli,,Unlocked at Warlock Level 57.,,
CS1_112,841,Holy Nova,Basic,Spell,Deal $2 damage to all enemies. Restore #2_Health to all friendly characters.,Priest,enUS,,Neutral,Free,,true,http://media.services.zam.com/v1/media/byName/hs/cards/enus/CS1_112.png,http://media.services.zam.com/v1/media/byName/hs/cards/enus/animated/CS1_112_premium.gif,,,5,"If the Holy Light forsakes you, good luck casting this spell.  Also, you're probably a jerk.",Luca Zontini,Unlocked at Level 6.,Unlocked at Level 45.,,
EX1_593,670,Nightblade,Basic,Minion,<b>Battlecry: </b>Deal 3 damage to the enemy hero.,Neutral,enUS,Battlecry,Neutral,Free,4,true,http://media.services.zam.com/v1/media/byName/hs/cards/enus/EX1_593.png,http://media.services.zam.com/v1/media/byName/hs/cards/enus/animated/EX1_593_premium.gif,4,,5,"Your face is the place you'd probably least like a dagger, and where rogues are most likely to deliver them.",Raymond Swanland,,Unlocked at Druid Level 53.,,
BCON_004,49228,Polymorph: ???,Basic,Spell,Choose a minion. <b>Discover</b> a new minion to transform it into.,Mage,enUS,,,Free,,,http://wow.zamimg.com/images/hearthstone/cards/enus/original/BCON_004.png,http://wow.zamimg.com/images/hearthstone/cards/enus/animated/BCON_004_premium.gif,,,5,,,,,,
CS2_237,1241,Starving Buzzard,Basic,Minion,"Whenever you summon a Beast, draw a card.",Hunter,enUS,,,Free,2,true,http://media.services.zam.com/v1/media/byName/hs/cards/enus/CS2_237.png,http://media.services.zam.com/v1/media/byName/hs/cards/enus/animated/CS2_237_premium.gif,3,Beast,5,"If you feed him, he loses his whole <i>identity</i>.",Bernie Kang,Unlocked at Level 4.,Unlocked at Level 47.,,
CS2_150,413,Stormpike Commando,Basic,Minion,<b>Battlecry:</b> Deal 2 damage.,Neutral,enUS,Battlecry,Alliance,Free,2,true,http://media.services.zam.com/v1/media/byName/hs/cards/enus/CS2_150.png,http://media.services.zam.com/v1/media/byName/hs/cards/enus/animated/CS2_150_premium.gif,4,,5,The Stormpike Commandos are demolition experts.  They also bake a mean cupcake.,Kev Walker,,Unlocked at Paladin Level 51.,,
DS1_178,699,Tundra Rhino,Basic,Minion,Your Beasts have <b>Charge</b>.,Hunter,enUS,Charge,Neutral,Free,5,true,http://media.services.zam.com/v1/media/byName/hs/cards/enus/DS1_178.png,http://media.services.zam.com/v1/media/byName/hs/cards/enus/animated/DS1_178_premium.gif,2,Beast,5,Tundra rhinos are often mistaken for kodos.  Or am I mistaken?,Lars Grant-West,Unlocked at Level 8.,Unlocked at Level 43.,,Aura
CS2_155,525,Archmage,Basic,Minion,<b>Spell Damage +1</b>,Neutral,enUS,Spell Damage,Alliance,Free,7,true,http://media.services.zam.com/v1/media/byName/hs/cards/enus/CS2_155.png,http://media.services.zam.com/v1/media/byName/hs/cards/enus/animated/CS2_155_premium.gif,4,,6,You earn the title of Archmage when you can destroy anyone who calls you on it.,Steve Ellis,,Unlocked at Mage Level 57.,,
CS2_200,1686,Boulderfist Ogre,Basic,Minion,,Neutral,enUS,,,Free,7,true,http://media.services.zam.com/v1/media/byName/hs/cards/enus/CS2_200.png,http://media.services.zam.com/v1/media/byName/hs/cards/enus/animated/CS2_200_premium.gif,6,,6,"""ME HAVE GOOD STATS FOR THE COST""",Brian Despain,,Unlocked at Warlock Level 51.,,
CS2_064,1019,Dread Infernal,Basic,Minion,<b>Battlecry:</b> Deal 1 damage to ALL other characters.,Warlock,enUS,Battlecry,Neutral,Free,6,true,http://media.services.zam.com/v1/media/byName/hs/cards/enus/CS2_064.png,http://media.services.zam.com/v1/media/byName/hs/cards/enus/animated/CS2_064_premium.gif,6,Demon,6,"""INFERNOOOOOOOOOO!"" - Jaraxxus, Eredar Lord of the Burning Legion",Zoltan & Gabor,Unlocked at Level 10.,Unlocked at Level 23.,,
CS2_042,189,Fire Elemental,Basic,Minion,<b>Battlecry:</b> Deal 3 damage.,Shaman,enUS,Battlecry,Neutral,Free,5,true,http://media.services.zam.com/v1/media/byName/hs/cards/enus/CS2_042.png,http://media.services.zam.com/v1/media/byName/hs/cards/enus/animated/CS2_042_premium.gif,6,Elemental,6,He can never take a bath. Ewww.,Ralph Horsley,Unlocked at Level 10.,Unlocked at Level 49.,,
CS2_162,157,Lord of the Arena,Basic,Minion,<b>Taunt</b>,Neutral,enUS,Taunt,Alliance,Free,5,true,http://media.services.zam.com/v1/media/byName/hs/cards/enus/CS2_162.png,http://media.services.zam.com/v1/media/byName/hs/cards/enus/animated/CS2_162_premium.gif,6,,6,"He used to be a 2100+ rated arena player, but that was years ago and nobody can get him to shut up about it.",E.M. Gist,,Unlocked at Priest Level 59.,,
CS2_213,445,Reckless Rocketeer,Basic,Minion,<b>Charge</b>,Neutral,enUS,Charge,Horde,Free,2,true,http://media.services.zam.com/v1/media/byName/hs/cards/enus/CS2_213.png,http://media.services.zam.com/v1/media/byName/hs/cards/enus/animated/CS2_213_premium.gif,5,,6,One Insane Rocketeer.   One Rocket full of Explosives.   Infinite Fun.,John Polidora,,Unlocked at Shaman Level 59.,,
EX1_173,823,Starfire,Basic,Spell,Deal $5 damage.\nDraw a card.,Druid,enUS,,Neutral,Free,,true,http://media.services.zam.com/v1/media/byName/hs/cards/enus/EX1_173.png,http://media.services.zam.com/v1/media/byName/hs/cards/enus/animated/EX1_173_premium.gif,,,6,Balance is important to druids.  This card is perfectly balanced.,Alex Horley Orlandelli,Unlocked at Level 2.,Unlocked at Level 45.,,
NEW1_004,196,Vanish,Basic,Spell,Return all minions to their owner's hand.,Rogue,enUS,,,Free,,true,http://media.services.zam.com/v1/media/byName/hs/cards/enus/NEW1_004.png,http://media.services.zam.com/v1/media/byName/hs/cards/enus/animated/NEW1_004_premium.gif,,,6,,Sean O’Daniels,Unlocked at Level 8.,Unlocked at Level 23.,,
CS2_201,1687,Core Hound,Basic,Minion,,Neutral,enUS,,,Free,5,true,http://media.services.zam.com/v1/media/byName/hs/cards/enus/CS2_201.png,http://media.services.zam.com/v1/media/byName/hs/cards/enus/animated/CS2_201_premium.gif,9,Beast,7,You don’t tame a Core Hound. You just train it to eat someone else before it eats you.,E.M. Gist,,Unlocked at Hunter Level 51.,,
CS2_032,1004,Flamestrike,Basic,Spell,Deal $4 damage to all enemy minions.,Mage,enUS,,Neutral,Free,,true,http://media.services.zam.com/v1/media/byName/hs/cards/enus/CS2_032.png,http://media.services.zam.com/v1/media/byName/hs/cards/enus/animated/CS2_032_premium.gif,,,7,"When the ground is on fire, you should <i>not</i> stop, drop, and roll.",Romain De Santi,Unlocked at Level 10.,Unlocked at Level 51.,,
CS2_088,1068,Guardian of Kings,Basic,Minion,<b>Battlecry:</b> Restore #6 Health to your hero.,Paladin,enUS,Battlecry,Neutral,Free,6,true,http://media.services.zam.com/v1/media/byName/hs/cards/enus/CS2_088.png,http://media.services.zam.com/v1/media/byName/hs/cards/enus/animated/CS2_088_premium.gif,5,,7,Holy beings from the beyond are so cliché!,E.M. Gist,Unlocked at Level 8.,Unlocked at Level 47.,,
CS2_077,630,Sprint,Basic,Spell,Draw 4 cards.,Rogue,enUS,,Neutral,Free,,true,http://media.services.zam.com/v1/media/byName/hs/cards/enus/CS2_077.png,http://media.services.zam.com/v1/media/byName/hs/cards/enus/animated/CS2_077_premium.gif,,,7,Rogues are not good joggers.,James Zhang,Unlocked at Level 10.,Unlocked at Level 49.,,
CS2_222,753,Stormwind Champion,Basic,Minion,Your other minions have +1/+1.,Neutral,enUS,Aura,Alliance,Free,6,true,http://media.services.zam.com/v1/media/byName/hs/cards/enus/CS2_222.png,http://media.services.zam.com/v1/media/byName/hs/cards/enus/animated/CS2_222_premium.gif,6,,7,"When Deathwing assaulted the capital, this soldier was the only member of his squad to survive. Now he's all bitter and stuff.",Doug Alexander,,Unlocked at Paladin Level 59.,,
CS2_186,712,War Golem,Basic,Minion,,Neutral,enUS,,Neutral,Free,7,true,http://media.services.zam.com/v1/media/byName/hs/cards/enus/CS2_186.png,http://media.services.zam.com/v1/media/byName/hs/cards/enus/animated/CS2_186_premium.gif,7,,7,"Golems are not afraid, but for some reason they still run when you cast Fear on them.  Instinct, maybe?  A desire to blend in?",Dave Kendall,,Unlocked at Rogue Level 51.,,
CS2_232,205,Ironbark Protector,Basic,Minion,<b>Taunt</b>,Druid,enUS,Taunt,Neutral,Free,8,true,http://media.services.zam.com/v1/media/byName/hs/cards/enus/CS2_232.png,http://media.services.zam.com/v1/media/byName/hs/cards/enus/animated/CS2_232_premium.gif,8,,8,I <i>dare</i> you to attack Darnassus.,Dave Allsop,Unlocked at Level 10.,Unlocked at Level 49.,,
CS1_113,8,Mind Control,Basic,Spell,Take control of an enemy minion.,Priest,enUS,,Neutral,Free,,true,http://media.services.zam.com/v1/media/byName/hs/cards/enus/CS1_113.png,http://media.services.zam.com/v1/media/byName/hs/cards/enus/animated/CS1_113_premium.gif,,,10,"Nominated as ""Spell Most Likely to Make Your Opponent Punch the Wall.""",Sean O’Daniels,Unlocked at Level 10.,Unlocked at Level 49.,,
